<?xml version="1.0" encoding="UTF-8" ?>
<!DOCTYPE configuration
  PUBLIC "-//mybatis.org//DTD Config 3.0//EN"
  "http://mybatis.org/dtd/mybatis-3-config.dtd">
  
<configuration>
	<!-- 알리야스 설정 -->
	<!-- sql Mapper(board-mapping.xml)에서 #{content}이런 형식으로 쓸수 있게 해줌. -->
	<typeAliases>
		<typeAlias type="com.springbook.biz.board.BoardVO" alias="board"></typeAlias> 
		<typeAlias type="com.springbook.biz.user.UserVO" alias="user"></typeAlias> 
		<typeAlias type="com.springbook.biz.board.CommentVO" alias="comment"></typeAlias> 
	</typeAliases>
	
	
	<!-- sql Mapper 설정 -->
	<mappers>
		<mapper resource="mappings/board-mapping.xml" />
		<mapper resource="mappings/user-mapping.xml" />
	</mappers>
</configuration>
