<?xml version="1.0" encoding="UTF-8" ?>
<!DOCTYPE mapper PUBLIC "-//mybatis.org//DTD Mapper 3.0//EN"
  "http://mybatis.org/dtd/mybatis-3-mapper.dtd">

<!-- sql Mapper -->
<mapper namespace="BoardDAO">
		
	<select id="getBoardList" resultType="board">
		SELECT * 
		FROM board_modu 
		WHERE 1=1 
		<if test="searchKeyword != null"> 
			AND hashtag LIKE '%'||#{searchKeyword}||'%' 
		</if>
		ORDER BY bno DESC 
	</select>
	
	<select id="getBoard" parameterType="board" resultType="board">
		<![CDATA[
		select * from board_modu where bno=#{bno}
		]]>
	</select>

	<insert id="insertBoard">
		<![CDATA[
		INSERT INTO board_modu (bno, title, id,content,hashtag,img)
		VALUES(board_modu_seq.NEXTVAL,#{title},#{id},#{content},#{hashtag},#{img})
		]]>
	</insert>
	
	<update id="updateBoard">
		<![CDATA[
		update board_modu set title=#{title}, content=#{content}, hashtag=#{hashtag},img=#{img}  where bno=#{bno}
		]]>
	</update>
	
	<update id="updateReadCount">
		<![CDATA[
		update board_modu set readcount=readcount+1 where bno=#{bno}
		]]>
	</update>
	
	<delete id="deleteBoard">
		<![CDATA[
		delete from board_modu where bno= #{bno}
		]]>
	</delete>
	


</mapper>
